index,ProductId,SkuId,EAN,ISBN,Brand,Category,Imageurl1,Imageurl2,Imageurl3,StockStatus,StockQuantity,PackageWeight,Language,Title,Description,AttributeColor,AttributeSize,Attribute1,Attribute2,Attribute3,Currency,NormalPriceWithoutVAT,VATRate
0,APW42828,APW42828,7611382640444,,Mondaine,Apparel & Accessories > Jewelry > Watches,https://b2b.timeshop24.com/media/catalog/product/m/s/mse.26130.sm-c80-_2022.jpg,https://b2b.timeshop24.com/media/catalog/product/m/s/mse.26130.sm-s90-_2022.jpg,https://b2b.timeshop24.com/media/catalog/product/m/s/mse.26130.sm-fl1-_2022.jpg,INSTOCK,4,0.500000 KG,en,Mondaine MSE.26130.SM Ladies Watch evo2 SBB 26mm 3ATM,"Mondaine Mondaine MSE.26130.SM Ladies Watch evo2 SBB 26mm 3ATM. Manufacturer part number: MSE.26130.SM. Series: evo2 SBB 26mm 3ATM. Gender: Ladies. Case material: Stainless steel. Case colour: Silver. Case width: 26. Case thickness: 8. Dial colour: Pink. Display: Analog. Movement: Battery (quartz). Movement type: 763E, Ronda, Swiss Made. Glass: anti-reflecting, Saphire glass. Strap material: Stainless steel. Strap colour: Silver. Water resistance: 3. Functions: Minute, Second, Hour. Country of manufacture: Schweiz. Condition: new.",Pink,26,,MSE.26130.SM,evo2 SBB 26mm 3ATM,EUR,205.63,23
1,APW43534,APW43534,4041338721676,,Zeppelin,Apparel & Accessories > Jewelry > Watches,https://b2b.timeshop24.com/media/catalog/product/z/e/zeppelin-7216m-2-alain-robert-automatik-chrono-limited-002.jpg,https://b2b.timeshop24.com/media/catalog/product/z/e/zeppelin-7216m-2-alain-robert-automatik-chrono-limited-mood-002.jpg,https://b2b.timeshop24.com/media/catalog/product/z/e/zeppelin-7216m-2-alain-robert-automatik-chrono-limited-mood-004.jpg,OUTOFSTOCK,0,0.500000 KG,en,Zeppelin 7216M-2 Mens Watch Alain Robert Automatic Chrono Limited 42mm 10 ATM,"Zeppelin Zeppelin 7216M-2 Mens Watch Alain Robert Automatic Chrono Limited 42mm 10 ATM. Manufacturer part number: 7216M2. Series: Alain Robert Automatic Chrono Limited 42mm 10 ATM. Gender: Mens. Case material: Stainless steel. Case colour: Silver. Case width: 42. Case thickness: 16. Dial colour: Black. Display: Analog. Movement: Automatic. Movement type: 25 Jewels, 7750, Swiss Made, ETA Valjoux. Glass: anti-reflecting, Saphire glass. Strap material: Stainless steel. Strap colour: Silver. Water resistance: 10. Functions: Date, Minute, Second, Hour, Day. Country of manufacture: Deutschland. Condition: new.",Black,42,,7216M2,Alain Robert Automatic Chrono Limited 42mm 10 ATM,EUR,1293.13,23
2,APW42110,APW42110,7613077599754,,Bulova,Apparel & Accessories > Jewelry > Watches,https://b2b.timeshop24.com/media/catalog/product/9/6/96b441.jpg,https://b2b.timeshop24.com/media/catalog/product/9/6/96b441_2.jpg,https://b2b.timeshop24.com/media/catalog/product/9/6/96b441_3.jpg,INSTOCK,11,0.500000 KG,en,Bulova 96B441 Mens Watch Hudson Automatic 39mm 3ATM,"Bulova Bulova 96B441 Mens Watch Hudson Automatic 39mm 3ATM. Manufacturer part number: 96B441. Series: Hudson Automatic 39mm 3ATM. Gender: Mens. Case material: Stainless steel. Case colour: Silver. Case width: 39. Case thickness: 12. Dial colour: Black. Display: Analog. Movement: Automatic. Movement type: 21 Jewels, Miyota, Japan. Glass: anti-reflecting, Saphire glass. Strap material: Calf leather. Strap colour: Black. Water resistance: 3. Functions: Date, Minute, Second, Hour. Country of manufacture: Japan. Condition: new.",Black,39,,96B441,Hudson Automatic 39mm 3ATM,EUR,286.88,23
3,APW28292,APW28292,4041338721621,,Zeppelin,Apparel & Accessories > Jewelry > Watches,https://b2b.timeshop24.com/media/catalog/product/z/e/zeppelin-7216-2-alain-robert-automatik-chrono-limited-002.jpg,https://b2b.timeshop24.com/media/catalog/product/z/e/zeppelin-7216-2-alain-robert-automatik-chrono-limited-mood-002.jpg,https://b2b.timeshop24.com/media/catalog/product/z/e/zeppelin-7216-2-alain-robert-automatik-chrono-limited-mood-006.jpg,INSTOCK,4,0.500000 KG,en,Zeppelin 7216-2 Night Cruise automatic chrono 42 mm 10ATM,"Zeppelin Zeppelin 7216-2 Night Cruise automatic chrono 42 mm 10ATM. Manufacturer part number: 72162. Series: Night Cruise Autom. Chronograph 42 mm. Gender: Mens. Case material: Stainless steel. Case colour: Black, Silver. Case width: 42. Case thickness: 16. Dial colour: Black. Display: Analog. Movement: Automatic. Movement type: 7750, ETA, Swiss Made. Glass: Saphire glass. Strap material: Calf leather. Strap colour: Black. Water resistance: 10. Functions: Chronograph, Date, Minute, Second, Hour, Day. Country of manufacture: Deutschland. Condition: new.",Black,42,,72162,Night Cruise Autom. Chronograph 42 mm,EUR,1280.56,23
4,APW41362,APW41362,4974374341679,,Citizen,Apparel & Accessories > Jewelry > Watches,https://b2b.timeshop24.com/media/catalog/product/c/a/ca4610-85z.jpg,https://b2b.timeshop24.com/media/catalog/product/c/a/ca4610-85z_2.jpg,https://b2b.timeshop24.com/media/catalog/product/c/a/ca4610-85z_3.jpg,INSTOCK,28,0.500000 KG,en,Citizen CA4610-85Z Mens Watch Eco-Drive Super Titanium Chronograph 43mm 10ATM,"Citizen Citizen CA4610-85Z Mens Watch Eco-Drive Super Titanium Chronograph 43mm 10ATM. Manufacturer part number: CA4610-85Z. Series: Eco-Drive Super Titanium Chronograph 43mm 10ATM. Gender: Mens. Case material: Titanium. Case colour: Silver. Case width: 43. Case thickness: 12. Dial colour: Brown. Display: Analog. Movement: Solar (quartz). Movement type: B620, Citizen. Glass: anti-reflecting, Saphire glass. Strap material: Titanium. Strap colour: Silver. Water resistance: 10. Functions: 24-hours, Chronograph, Date, Minute, Second, Hour. Country of manufacture: Japan. Condition: new.",Brown,43,,CA4610-85Z,Eco-Drive Super Titanium Chronograph 43mm 10ATM,EUR,349.38,23
5,APW42460,APW42460,7611382622075,,Mondaine,Apparel & Accessories > Jewelry > Watches,https://b2b.timeshop24.com/media/catalog/product/a/6/a660.30314.60sbs-s90-_2022.jpg,https://b2b.timeshop24.com/media/catalog/product/a/6/a660.30314.60sbs-c80-_2022.jpg,https://b2b.timeshop24.com/media/catalog/product/a/6/a660.30314.60sbs-fl-_2022.jpg,INSTOCK,22,0.500000 KG,en,Mondaine A660.30314.60SBS Ladies Watch Classic Green And Gold 36mm 3ATM,"Mondaine Mondaine A660.30314.60SBS Ladies Watch Classic Green And Gold 36mm 3ATM. Manufacturer part number: A660.30314.60SBS. Series: Classic Green And Gold 36mm 3ATM. Gender: Ladies. Case material: Stainless steel. Case colour: Gold. Case width: 36. Case thickness: 8. Dial colour: Green. Display: Analog. Movement: Battery (quartz). Movement type: Ronda, Swiss Made, 513-RL. Glass: hardened, Mineral glass. Strap material: Cork, Textile. Strap colour: Green. Water resistance: 3. Functions: Minute, Second, Hour. Country of manufacture: Schweiz. Condition: new.",Green,36,,A660.30314.60SBS,Classic Green And Gold 36mm 3ATM,EUR,205.63,23
6,APW42462,APW42462,7611382610591,,Mondaine,Apparel & Accessories > Jewelry > Watches,https://b2b.timeshop24.com/media/catalog/product/a/6/a660.30360.16sbr-s90-1080x1080px-_2021.jpg,https://b2b.timeshop24.com/media/catalog/product/a/6/a660.30360.16sbr-c80-_2021.jpg,https://b2b.timeshop24.com/media/catalog/product/a/6/a660.30360.16sbr-fl-1080px-_2021.jpg,INSTOCK,108,0.500000 KG,en,Mondaine A660.30360.16SBR Classic Black And pink 40mm 3ATM,"Mondaine Mondaine A660.30360.16SBR Classic Black And pink 40mm 3ATM. Manufacturer part number: A660.30360.16SBR. Series: Classic Black And pink 40mm 3ATM. Gender: Ladies, Mens, Unisex. Case material: Stainless steel. Case colour: Rosé gold. Case width: 40. Case thickness: 8. Dial colour: Black. Display: Analog. Movement: Battery (quartz). Movement type: Ronda, Swiss Made, 513-RL. Glass: hardened, Mineral glass. Strap material: Stainless steel. Strap colour: Rosé gold. Water resistance: 3. Functions: Minute, Second, Hour. Country of manufacture: Schweiz. Condition: new.",Black,40,,A660.30360.16SBR,Classic Black And pink 40mm 3ATM,EUR,205.63,23
7,APW42562,APW42562,7611382610584,,Mondaine,Apparel & Accessories > Jewelry > Watches,https://b2b.timeshop24.com/media/catalog/product/a/6/a660.30314.16sbr-s90-1080x1080px-_2021.jpg,https://b2b.timeshop24.com/media/catalog/product/a/6/a660.30314.16sbr-c80-_2021.jpg,https://b2b.timeshop24.com/media/catalog/product/a/6/a660.30314.16sbr-fl-1080px-_2021.jpg,INSTOCK,20,0.500000 KG,en,Mondaine A660.30314.16SBR Classic Black And pink 36mm 3ATM,"Mondaine Mondaine A660.30314.16SBR Classic Black And pink 36mm 3ATM. Manufacturer part number: A660.30314.16SBR. Series: Classic Black And pink 36mm 3ATM. Gender: Ladies, Mens, Unisex. Case material: Stainless steel. Case colour: Rosé gold. Case width: 36. Case thickness: 8. Dial colour: Black. Display: Analog. Movement: Battery (quartz). Movement type: 513, Ronda, Swiss Made. Glass: hardened, Mineral glass. Strap material: Stainless steel. Strap colour: Rosé gold. Water resistance: 3. Functions: Minute, Second, Hour. Country of manufacture: Schweiz. Condition: new.",Black,36,,A660.30314.16SBR,Classic Black And pink 36mm 3ATM,EUR,205.63,23
8,APW42834,APW42834,7611382601223,,Mondaine,Apparel & Accessories > Jewelry > Watches,https://b2b.timeshop24.com/media/catalog/product/m/s/mse.40112.lg.jpg,https://b2b.timeshop24.com/media/catalog/product/m/s/mse.40112.lg_2.jpg,https://b2b.timeshop24.com/media/catalog/product/m/s/mse.40112.lg_3.jpg,INSTOCK,4,0.500000 KG,en,Mondaine MSE.40112.LG Mens Watch evo2 SBB 40mm 3ATM,"Mondaine Mondaine MSE.40112.LG Mens Watch evo2 SBB 40mm 3ATM. Manufacturer part number: MSE.40112.LG. Series: evo2 SBB 40mm 3ATM. Gender: Mens. Case material: Stainless steel. Case colour: Gold. Case width: 40. Case thickness: 10. Dial colour: Silver. Display: Analog. Movement: Battery (quartz). Movement type: Ronda, Swiss Made, 513RL. Glass: anti-reflecting, Saphire glass. Strap material: Calf leather. Strap colour: Brown. Water resistance: 3. Functions: Minute, Second, Hour. Country of manufacture: Schweiz. Condition: new.",Silver,40,,MSE.40112.LG,evo2 SBB 40mm 3ATM,EUR,230.63,23
9,APW48460,APW48460,4974374341051,,Citizen,Apparel & Accessories > Jewelry > Watches,https://b2b.timeshop24.com/media/catalog/product/c/i/citizen_geh_use-silberfarben_-ziffernblatt-rot_-armband-silberfarben_em1090-78x.jpg,https://b2b.timeshop24.com/media/catalog/product/c/i/citizen_geh_use-silberfarben_-ziffernblatt-rot_-armband-silberfarben_em1090-78x_2.jpg,https://b2b.timeshop24.com/media/catalog/product/c/i/citizen_geh_use-silberfarben_-ziffernblatt-rot_-armband-silberfarben_em1090-78x_3.jpg,INSTOCK,3,0.500000 KG,en,Citizen EM1090-78X Ladies watch Arcly L Solar 31mm 5ATM,"Citizen Citizen EM1090-78X Ladies watch Arcly L Solar 31mm 5ATM. Manufacturer part number: EM1090-78X. Series: Arcly L Solar 31mm 5ATM. Gender: Ladies. Case material: Stainless steel. Case colour: Silver. Case width: 31. Case thickness: 8. Dial colour: Red. Display: Analog. Movement: Solar (quartz). Movement type: E031, Japan. Glass: anti-reflecting, Saphire glass. Strap material: Stainless steel, Leather. Strap colour: Red, Silver. Water resistance: 5. Functions: Minute, Second, Solar, Hour. Country of manufacture: Japan. Condition: new.",Red,31,,EM1090-78X,Arcly L Solar 31mm 5ATM,EUR,330.63,23
10,APW39939,APW39939,5710718259007,,Bering,Apparel & Accessories > Jewelry > Watches,https://b2b.timeshop24.com/media/catalog/product/1/9/19435-charity.jpg,https://b2b.timeshop24.com/media/catalog/product/1/9/19435-charity_frontcrosse.jpg,https://b2b.timeshop24.com/media/catalog/product/1/9/19435-charity_sideview.jpg,INSTOCK,99,0.500000 KG,en,Bering 19435-CHARITY Ladies Watch Charity Automatic 35mm 10ATM,"Bering Bering 19435-CHARITY Ladies Watch Charity Automatic 35mm 10ATM. Manufacturer part number: 19435-CHARITY. Series: Charity Automatic 35mm. Gender: Ladies. Case material: Stainless steel. Case colour: Silver. Case width: 35. Case thickness: 12. Dial colour: Blue. Display: Analog. Movement: Automatic. Glass: anti-reflecting, Saphire glass. Strap material: Stainless steel. Strap colour: Silver. Water resistance: 10. Functions: Minute, Second, Hour. Country of manufacture: China. Condition: new.",Blue,35,,19435-CHARITY,Charity Automatic 35mm,EUR,230.63,23
11,APW43140,APW43140,5710718260676,,Bering,Apparel & Accessories > Jewelry > Watches,https://b2b.timeshop24.com/media/catalog/product/1/9/19435-704__automaticq7bmrrlszdtmg.jpg,https://b2b.timeshop24.com/media/catalog/product/1/9/19435-704_sideviewhalf0logjuytf2h6q.jpg,https://b2b.timeshop24.com/media/catalog/product/1/9/19435-704_frontcrossmxzitcymeom1g.jpg,INSTOCK,39,0.500000 KG,en,Bering 19435-704 Ladies Watch Automatic 35mm 10ATM,"Bering Bering 19435-704 Ladies Watch Automatic 35mm 10ATM. Manufacturer part number: 19435-704. Series: Automatic 35mm 10ATM. Gender: Ladies. Case material: Stainless steel. Case colour: Silver. Case width: 35. Case thickness: 12. Dial colour: Mother of pearl, White. Display: Analog. Movement: Automatic. Movement type: 21 Jewels, Miyota, Japan. Glass: anti-reflecting, Saphire glass. Strap material: Stainless steel. Strap colour: Silver. Water resistance: 10. Functions: Minute, Second, Hour. Country of manufacture: China. Condition: new.","Mother of pearl, White",35,,19435-704,Automatic 35mm 10ATM,EUR,230.63,23
12,APW41415,APW41415,5710718260683,,Bering,Apparel & Accessories > Jewelry > Watches,https://b2b.timeshop24.com/media/catalog/product/1/9/19435-762.jpg,https://b2b.timeshop24.com/media/catalog/product/1/9/19435-762_sideviewhalf.jpg,https://b2b.timeshop24.com/media/catalog/product/1/9/19435-762_frontcross.jpg,OUTOFSTOCK,0,0.500000 KG,en,Bering 19435-762 Ladies Watch Automatic 35mm 10ATM,"Bering Bering 19435-762 Ladies Watch Automatic 35mm 10ATM. Manufacturer part number: 19435-762. Series: Automatic 35mm 10ATM. Gender: Ladies. Case material: Stainless steel. Case colour: Rosé gold. Case width: 35. Case thickness: 12. Dial colour: Mother of pearl, Black. Display: Analog. Movement: Automatic. Movement type: 21 Jewels, Miyota, Japan. Glass: anti-reflecting, Saphire glass. Strap material: Stainless steel. Strap colour: Rosé gold. Water resistance: 10. Functions: Minute, Second, Hour. Country of manufacture: China. Condition: new.","Mother of pearl, Black",35,,19435-762,Automatic 35mm 10ATM,EUR,224.69,23
13,APW24443,APW24443,7613077551608,,Bulova,Apparel & Accessories > Jewelry > Watches,https://b2b.timeshop24.com/media/catalog/product/9/7/97p125_front.jpg,https://b2b.timeshop24.com/media/catalog/product/9/7/97p125_profile.jpg,https://b2b.timeshop24.com/media/catalog/product/9/7/97p125_back.jpg,INSTOCK,9,0.500000 KG,en,Bulova 97P125 Rubaiyat Ladies 35mm 3ATM,"Bulova Bulova 97P125 Rubaiyat Ladies 35mm 3ATM. Manufacturer part number: 97P125. Series: Rubaiyat. Gender: Ladies. Case material: Stainless steel. Case colour: Gold. Case width: 35. Case thickness: 8. Dial colour: Silver. Display: Analog. Movement: Battery (quartz). Movement type: Miyota. Glass: anti-reflecting, Saphire glass. Strap material: Stainless steel. Strap colour: Gold. Water resistance: 3. Functions: Minute, Hour. Country of manufacture: Japan. Condition: new.",Silver,35,,97P125,Rubaiyat,EUR,311.88,23
14,APW46025,APW46025,4041338842630,,Zeppelin,Apparel & Accessories > Jewelry > Watches,https://b2b.timeshop24.com/media/catalog/product/z/e/zeppelin-8426-3-herrenuhr-atlantic-automatik-regulator-002.jpg,https://b2b.timeshop24.com/media/catalog/product/z/e/zeppelin-8426-3-herrenuhr-atlantic-automatik-regulator-mood-006_1.jpg,https://b2b.timeshop24.com/media/catalog/product/z/e/zeppelin-8426-3-herrenuhr-atlantic-automatik-regulator-mood-004.jpg,INSTOCK,4,0.500000 KG,en,Zeppelin 8426-3 Mens Watch Atlantic Automatik Regulator 42mm 5ATM,"Zeppelin Zeppelin 8426-3 Mens Watch Atlantic Automatik Regulator 42mm 5ATM . Manufacturer part number: 84263. Series: Atlantic Automatik Regulator 42mm 5ATM. Gender: Mens. Case material: Stainless steel. Case colour: Silver. Case width: 42. Case thickness: 12. Dial colour: Blue. Display: Analog. Movement: Automatic. Movement type: Sellita SW266. Glass: anti-reflecting, Saphire glass. Strap material: Stainless steel. Strap colour: Blue. Water resistance: 5. Functions: Date, Powerreserve, Minute, Second, Hour. Country of manufacture: Deutschland. Condition: new.",Blue,42,,84263,Atlantic Automatik Regulator 42mm 5ATM,EUR,949.39,23
15,APW41124,APW41124,4041338861488,,Zeppelin,Apparel & Accessories > Jewelry > Watches,https://b2b.timeshop24.com/media/catalog/product/z/e/zeppelin-8614m-3-lz-126-herrenuhr-002.jpg,https://b2b.timeshop24.com/media/catalog/product/z/e/zeppelin-uhren-box-karton-silber-002_24.jpg,https://b2b.timeshop24.com/media/catalog/product/z/e/zeppelin-fahrkarte_121.jpg,INSTOCK,5,0.500000 KG,en,Zeppelin 8614M-3 LZ-126 Automatic Chronograph,"Zeppelin Zeppelin 8614M-3 LZ-126 Automatic Chronograph. Manufacturer part number: 8614M3. Series: LZ-126 Automatic Chrono 42mm 5ATM. Gender: Mens. Case material: Stainless steel. Case colour: Silver. Case width: 42. Case thickness: 15. Dial colour: Blue. Display: Analog. Movement: Automatic. Movement type: Sellita, SW510, Swiss Made, 27 Jewels. Glass: Saphire glass. Strap material: Stainless steel. Strap colour: Silver. Water resistance: 5. Functions: Chronograph, Date, Minute, Second, Hour. Country of manufacture: Deutschland. Condition: new.",Blue,42,,8614M3,LZ-126 Automatic Chrono 42mm 5ATM,EUR,1404.31,23
16,APW37796,APW37796,7613077590683,,Bulova,Apparel & Accessories > Jewelry > Watches,https://b2b.timeshop24.com/media/catalog/product/9/6/96l306.jpg,https://b2b.timeshop24.com/media/catalog/product/9/6/96l306_back.jpg,https://b2b.timeshop24.com/media/catalog/product/9/6/96l306_side.jpg,INSTOCK,25,0.500000 KG,en,Bulova 96L306 Ladies Watch Rubaiyat Diamond 40mm 3ATM,"Bulova Bulova 96L306 Ladies Watch Rubaiyat Diamond 40mm 3ATM. Manufacturer part number: 96L306. Series: Ladies Watch Rubaiyat Diamond 40mm. Gender: Ladies. Case material: Stainless steel. Case colour: Silver. Case width: 40. Case thickness: 9. Dial colour: White. Display: Analog. Movement: Battery (quartz). Glass: Saphire glass. Strap material: Stainless steel. Strap colour: Silver. Water resistance: 3. Functions: Minute, Hour. Country of manufacture: Japan. Condition: new.",White,40,,96L306,Ladies Watch Rubaiyat Diamond 40mm,EUR,280.63,23
17,APW36379,APW36379,5710718392452,,Bering,Apparel & Accessories > Jewelry > Watches,https://b2b.timeshop24.com/media/catalog/product/1/8/18940-732.jpg,https://b2b.timeshop24.com/media/catalog/product/1/8/18940-732_sideviewhalf.jpg,https://b2b.timeshop24.com/media/catalog/product/1/8/18940-732_frontcross.jpg,INSTOCK,3,0.500000 KG,en,Bering 18940-732 Classic Sport men`s 40mm 10ATM,"Bering Bering 18940-732 Classic Sport men`s 40mm 10ATM. Manufacturer part number: 18940-732. Series: Classic Sport 40mm. Gender: Mens. Case material: Stainless steel. Case colour: Gold. Case width: 43. Case thickness: 8. Dial colour: Black. Display: Analog. Movement: Battery (quartz). Glass: anti-reflecting, Saphire glass. Strap material: Stainless steel. Strap colour: Gold. Water resistance: 10. Functions: Date, Minute, Second, Hour. Country of manufacture: China. Condition: new.",Black,43,,18940-732,Classic Sport 40mm,EUR,218.44,23
18,APW45473,APW45473,4041338852233,,Zeppelin,Apparel & Accessories > Jewelry > Watches,https://b2b.timeshop24.com/media/catalog/product/z/e/zeppelin-8522-3-herrenuhr-friedrichshafen-automatik-regulator-002.jpg,https://b2b.timeshop24.com/media/catalog/product/z/e/zeppelin-8522-3-herrenuhr-friedrichshafen-automatik-regulator-mood-006.jpg,https://b2b.timeshop24.com/media/catalog/product/z/e/zeppelin-8522-3-herrenuhr-friedrichshafen-automatik-regulator-mood-002.jpg,INSTOCK,5,0.500000 KG,en,Zeppelin 8522-3 Mens Watch Friedrichshafen Automatic Regulator 42mm 5ATM,"Zeppelin Zeppelin 8522-3 Mens Watch Friedrichshafen Automatic Regulator 42mm 5ATM . Manufacturer part number: 85223. Series: Friedrichshafen Automatic Regulator 42mm 5ATM. Gender: Mens. Case material: Stainless steel. Case colour: Silver. Case width: 42. Case thickness: 12. Dial colour: Blue. Display: Analog. Movement: Automatic. Movement type: Sellita. Glass: hardened, Mineral glass. Strap material: Calf leather. Strap colour: Blue. Water resistance: 5. Functions: Date, Minute, Second, Hour. Country of manufacture: Deutschland. Condition: new.",Blue,42,,85223,Friedrichshafen Automatic Regulator 42mm 5ATM,EUR,981.39,23
19,APW41413,APW41413,5710718399413,,Bering,Apparel & Accessories > Jewelry > Watches,https://b2b.timeshop24.com/media/catalog/product/1/4/14442-727.jpg,https://b2b.timeshop24.com/media/catalog/product/1/4/14442-727_sideviewhalf.jpg,https://b2b.timeshop24.com/media/catalog/product/1/4/14442-727_frontcross.jpg,INSTOCK,13,0.500000 KG,en,Bering 14442-727 Mens Watch Slim-Solar 42mm 5ATM,"Bering Bering 14442-727 Mens Watch Slim-Solar 42mm 5ATM. Manufacturer part number: 14442-727. Series: Slim-Solar 42mm 5ATM. Gender: Mens. Case material: Stainless steel. Case colour: Black. Case width: 42. Case thickness: 9. Dial colour: Blue. Display: Analog. Movement: Solar (quartz). Glass: anti-reflecting, Saphire glass. Strap material: Stainless steel. Strap colour: Black. Water resistance: 5. Functions: Date, Minute, Second, Hour. Country of manufacture: China. Condition: new.",Blue,42,,14442-727,Slim-Solar 42mm 5ATM,EUR,215.31,23